{"chanMap": [98, 93, 99, 92, 100, 91, 101, 90, 102, 89, 103, 88, 104, 87, 105, 86, 106, 85, 107, 84, 108, 83, 109, 82, 110, 81, 111, 80, 112, 79, 113, 78, 114, 77, 115, 76, 116, 75, 117, 74, 118, 73, 119, 72, 120, 71, 121, 70, 122, 69, 123, 68, 124, 67, 125, 66, 126, 65, 127, 64, 0, 63, 1, 62, 2, 61, 3, 60, 4, 59, 5, 58, 6, 57, 7, 56, 8, 55, 9, 54, 10, 53, 11, 52, 12, 15, 13, 50, 14, 49, 15, 48, 16, 47, 17, 46, 18, 45, 19, 44, 20, 43, 21, 42, 22, 41, 23, 40, 24, 39, 25, 38, 26, 37, 27, 36, 28, 35, 29, 34], "xc": [3244.245075315058, 3194.335154843439, 3144.425234371836, 3094.515313900217, 3044.605393428613, 2994.695472956994, 2944.785552485376, 2894.875632013772, 2844.96571154217, 2795.05579107055, 2745.145870598931, 2695.235950127327, 2645.326029655723, 2595.416109184105, 2545.506188712485, 2495.596268240884, 2445.686347769278, 2395.776427297658, 2345.866506826042, 2295.956586354437, 2246.046665882832, 2196.136745411214, 2146.226824939596, 2096.316904467991, 2046.406983996389, 1996.497063524769, 1946.58714305315, 1896.677222581547, 1846.767302109929, 1796.857381638323, 1746.947461166704, 1697.037540695102, 1647.127620223483, 1597.217699751878, 1547.307779280262, 1497.397858808656, 1447.487938337038, 1397.578017865434, 1347.668097393815, 1297.758176922211, 1247.848256450594, 1197.938335978974, 1148.02841550737, 1098.118495035767, 1048.208574564147, 998.2986540925303, 948.3887336209247, 898.4788131493223, 848.5688926777038, 798.6589722060835, 748.7490517344795, 698.8391312628764, 648.9292107912579, 599.0192903196393, 549.1093698480353, 499.1994493764313, 449.2895289048128, 399.3796084331943, 349.4696879615903, 299.5597674899864, 240.0313439250985, 190.1214234534818, 140.2115029818615, 90.30158251025841, 40.39166203865443, -9.518258432964103, -59.42817890458172, -109.3380993761857, -159.2480198477906, -209.1579403194101, -259.0678607910286, -308.9777812626326, -358.8877017342347, -408.797622205856, -458.7075426774727, -508.6174631490766, -558.5273836206806, -608.4373040922992, -658.3472245639186, -708.2571450355226, -758.1670655071247, -808.0769859787443, -857.9869064503636, -907.8968269219667, -957.8067473935716, -1007.716667865189, -1057.626588336809, -1107.536508808412, -1157.44642928003, -1207.356349751634, -1257.266270223254, -1307.176190694857, -1357.086111166476, -1406.996031638079, -1456.905952109699, -1506.815872581302, -1556.72579305292, -1606.635713524524, -1656.545633996142, -1706.455554467746, -1756.365474939365, -1806.275395410983, -1856.185315882587, -1906.095236354191, -1956.00515682581, -2005.915077297429, -2055.824997769033, -2105.734918240637, -2155.644838712255, -2205.554759183875, -2255.464679655477, -2305.374600127081, -2355.284520598701, -2405.194441070319, -2455.104361541923, -2505.014282013527, -2554.924202485145, -2604.834122956765, -2654.744043428368, -2704.653963899971], "yc": [-367.8560570610507, -364.8560839749198, -361.8561108888034, -358.8561378026861, -355.8561647165716, -352.8561916304543, -349.8562185443388, -346.8562454582216, -343.8562723721125, -340.8562992859961, -337.8563261998797, -334.8563531137707, -331.856380027647, -328.8564069415379, -325.8564338554216, -322.8564607693061, -319.8564876831888, -316.8565145970642, -313.8565415109551, -310.8565684248397, -307.8565953387233, -304.856622252607, -301.8566491664906, -298.8566760803742, -295.8567029942587, -292.8567299081414, -289.8567568220251, -286.856783735916, -283.8568106497914, -280.8568375636769, -277.8568644775596, -274.8568913914442, -271.8569183053332, -268.8569452192096, -265.8569721331014, -262.856999046985, -259.8570259608687, -256.8570528747587, -253.8570797886423, -250.8571067025268, -247.8571336164105, -244.8571605302932, -241.8571874441777, -238.8572143580605, -235.8572412719441, -232.8572681858286, -229.8572950997114, -226.857322013595, -223.8573489274786, -220.8573758413631, -217.8574027552468, -214.8574296691295, -211.857456583014, -208.8574834968968, -205.8575104107886, -202.8575373246649, -199.8575642385485, -196.8575911524394, -193.8576180663231, -190.8576449802067, -117.8739568141109, -114.8739837279791, -111.8740106418636, -108.8740375557472, -105.8740644696308, -102.8740913835136, -99.87411829739813, -96.87414521128176, -93.87417212517266, -90.87419903905538, -87.87422595293992, -84.87425286683082, -81.8742797807081, -78.874306694599, -75.87433360848172, -72.87436052236535, -69.87438743624898, -66.87441435012533, -63.87444126401624, -60.87446817790078, -57.8744950917835, -54.87452200566713, -51.87454891955076, -48.87457583343439, -45.87460274731893, -42.87462966120165, -39.87465657508619, -36.87468348897528, -33.87471040285254, -30.87473731673708, -27.8747642306198, -24.87479114450343, -21.87481805839343, -18.8748449722716, -15.8748718861616, -12.87489880004523, -9.87492571392886, -6.874952627819766, -3.874979541704306, -0.8750064555870267, 2.124966630529343, 5.124939716646622, 8.124912802762083, 11.12488588887845, 14.12485897499391, 17.12483206111119, 20.12480514722847, 23.12477823334393, 26.1247513194603, 29.12472440557667, 32.12469749169304, 35.12467057780941, 38.12464366392669, 41.12461675004214, 44.12458983615124, 47.1245629222758, 50.12453600839126, 53.12450909450126, 56.12448218061581, 59.124455266734], "kcoords": [0, 0, 0, 0, 0, 0, 0, 0, 0, 0, 0, 0, 0, 0, 0, 0, 0, 0, 0, 0, 0, 0, 0, 0, 0, 0, 0, 0, 0, 0, 0, 0, 0, 0, 0, 0, 0, 0, 0, 0, 0, 0, 0, 0, 0, 0, 0, 0, 0, 0, 0, 0, 0, 0, 0, 0, 0, 0, 0, 0, 0, 0, 0, 0, 0, 0, 0, 0, 0, 0, 0, 0, 0, 0, 0, 0, 0, 0, 0, 0, 0, 0, 0, 0, 0, 0, 0, 0, 0, 0, 0, 0, 0, 0, 0, 0, 0, 0, 0, 0, 0, 0, 0, 0, 0, 0, 0, 0, 0, 0, 0, 0, 0, 0, 0, 0, 0, 0, 0, 0], "n_chan": 120}